{"cameraMode":{"drawMode":0,"name":"Shaded","section":"Shading Mode"},"sceneLighting":true,"audioPlay":false,"sceneViewState":{"m_AlwaysRefresh":false,"showFog":true,"showSkybox":true,"showFlares":true,"showImageEffects":true,"showParticleSystems":true,"showVisualEffectGraphs":true,"m_FxEnabled":true},"in2DMode":false,"pivot":{"x":-0.42078495025634768,"y":20.73621368408203,"z":15.921192169189454},"rotation":{"x":0.19070947170257569,"y":0.6218912601470947,"z":-0.15972112119197846,"w":0.7425447702407837},"size":0.3657570779323578,"orthographic":false}